{
  "config": {
    "r": 2,
    "alpha": 2,
    "base_model": "distilroberta-base",
    "target_modules": [
      "query",
      "value"
    ],
    "lora_dropout": 0.1
  },
  "trainable_params": 628994,
  "total_params": 82748932,
  "trainable_pct": 0.7601234055806303,
  "sweep_train_size": 37131,
  "test_size": 46415,
  "metrics": {
    "accuracy": 0.955337714101045,
    "precision": 0.9546901893287435,
    "recall": 0.9560477442151075,
    "specificity": 0.9546277145811789,
    "fnr": 0.04395225578489248,
    "fpr": 0.0453722854188211,
    "f1": 0.9553684845092256,
    "auroc": 0.9911260026159956,
    "auprc": 0.991466372422471,
    "ece": 0.003861917218290575,
    "tp": 22187,
    "tn": 22155,
    "fp": 1053,
    "fn": 1020
  }
}