{
  "model": "LR (BoW)",
  "n_test": 46415,
  "metrics": {
    "accuracy": 0.9310136809221157,
    "precision": 0.9486834432333019,
    "recall": 0.9113198603869522,
    "specificity": 0.9507066528783178,
    "fnr": 0.08868013961304777,
    "fpr": 0.04929334712168221,
    "f1": 0.9296263736263737,
    "auroc": 0.9768833538707364,
    "auprc": 0.9778828055594654,
    "ece": 0.018099509547935613,
    "tp": 21149,
    "tn": 22064,
    "fp": 1144,
    "fn": 2058
  }
}