{
  "1": {
    "accuracy": 0.9595389421523215,
    "precision": 0.9542917997870074,
    "recall": 0.9653121902874133,
    "specificity": 0.9537659427783522,
    "fnr": 0.03468780971258667,
    "fpr": 0.04623405722164775,
    "f1": 0.9597703611670451,
    "auroc": 0.992651126485434,
    "auprc": 0.9930269892873709,
    "ece": 0.008198849876709362,
    "tp": 22402,
    "tn": 22135,
    "fp": 1073,
    "fn": 805
  },
  "5": {
    "accuracy": 0.9558691514955654,
    "precision": 0.8069449442245412,
    "recall": 0.9663865546218487,
    "specificity": 0.9537659427783522,
    "fnr": 0.03361344537815125,
    "fpr": 0.04623405722164775,
    "f1": 0.8794979899990195,
    "auroc": 0.9927347122127826,
    "auprc": 0.9728487441695373,
    "ece": 0.046710259244127805,
    "tp": 4485,
    "tn": 22135,
    "fp": 1073,
    "fn": 156
  },
  "10": {
    "accuracy": 0.9549905985584456,
    "precision": 0.6765149231233042,
    "recall": 0.9672413793103448,
    "specificity": 0.9537659427783522,
    "fnr": 0.03275862068965518,
    "fpr": 0.04623405722164775,
    "f1": 0.7961681745609367,
    "auroc": 0.9931953922696098,
    "auprc": 0.954819965410866,
    "ece": 0.055524801398309925,
    "tp": 2244,
    "tn": 22135,
    "fp": 1073,
    "fn": 76
  },
  "20": {
    "accuracy": 0.9545715692711753,
    "precision": 0.5120509322419281,
    "recall": 0.9706896551724138,
    "specificity": 0.9537659427783522,
    "fnr": 0.02931034482758621,
    "fpr": 0.04623405722164775,
    "f1": 0.6704376302470973,
    "auroc": 0.9935899221730914,
    "auprc": 0.9279667580117312,
    "ece": 0.06058298665126245,
    "tp": 1126,
    "tn": 22135,
    "fp": 1073,
    "fn": 34
  }
}