{
  "test": {
    "LR_BoW": {
      "accuracy": 0.9310136809221157,
      "precision": 0.9486834432333019,
      "recall": 0.9113198603869522,
      "specificity": 0.9507066528783178,
      "fnr": 0.08868013961304777,
      "fpr": 0.04929334712168221,
      "f1": 0.9296263736263737,
      "auroc": 0.9768833538707364,
      "auprc": 0.9778828055594654,
      "ece": 0.018099509547935613,
      "tp": 21149,
      "tn": 22064,
      "fp": 1144,
      "fn": 2058
    },
    "LR_TF-IDF": {
      "accuracy": 0.9387482494883119,
      "precision": 0.9469710272168569,
      "recall": 0.9295471194036282,
      "specificity": 0.9479489831092727,
      "fnr": 0.07045288059637178,
      "fpr": 0.05205101689072733,
      "f1": 0.9381781807902233,
      "auroc": 0.982645108082382,
      "auprc": 0.9820961895993852,
      "ece": 0.023423846656724975,
      "tp": 21572,
      "tn": 22000,
      "fp": 1208,
      "fn": 1635
    }
  },
  "cv": {
    "LR_BoW": {
      "fold_metrics": [
        {
          "accuracy": 0.9306258752558441,
          "precision": 0.9475982532751092,
          "recall": 0.9116664871270064,
          "specificity": 0.9495852633846816,
          "fnr": 0.08833351287299362,
          "fpr": 0.05041473661531837,
          "f1": 0.9292851652574943,
          "auroc": 0.976040937607127,
          "auprc": 0.9769383351370723,
          "ece": 0.01669158814319787,
          "tp": 16926,
          "tn": 17630,
          "fp": 936,
          "fn": 1640
        },
        {
          "accuracy": 0.9277173327588064,
          "precision": 0.9476829405795467,
          "recall": 0.9054185069481848,
          "specificity": 0.950016158569428,
          "fnr": 0.09458149305181518,
          "fpr": 0.049983841430571996,
          "f1": 0.9260687527545174,
          "auroc": 0.9756598746869258,
          "auprc": 0.9763600086986725,
          "ece": 0.018545561589959098,
          "tp": 16810,
          "tn": 17638,
          "fp": 928,
          "fn": 1756
        },
        {
          "accuracy": 0.9290908111601853,
          "precision": 0.9467780831136784,
          "recall": 0.9092965636109016,
          "specificity": 0.9488850587094689,
          "fnr": 0.09070343638909839,
          "fpr": 0.05111494129053107,
          "f1": 0.9276588729840372,
          "auroc": 0.9750266753617783,
          "auprc": 0.9758807042548012,
          "ece": 0.017937359103138706,
          "tp": 16882,
          "tn": 17617,
          "fp": 949,
          "fn": 1684
        },
        {
          "accuracy": 0.9304104276634708,
          "precision": 0.9456776352481874,
          "recall": 0.913282344069805,
          "specificity": 0.9475385112571367,
          "fnr": 0.08671765593019498,
          "fpr": 0.05246148874286327,
          "f1": 0.9291977202981149,
          "auroc": 0.9752617880880644,
          "auprc": 0.9763044265373553,
          "ece": 0.016260779342509697,
          "tp": 16956,
          "tn": 17592,
          "fp": 974,
          "fn": 1610
        },
        {
          "accuracy": 0.9286849263418707,
          "precision": 0.9457325268817204,
          "recall": 0.909565873101368,
          "specificity": 0.9478050094263399,
          "fnr": 0.09043412689863195,
          "fpr": 0.05219499057366006,
          "f1": 0.9272966888144528,
          "auroc": 0.9750398495359971,
          "auprc": 0.9753290108498827,
          "ece": 0.01751981961813297,
          "tp": 16887,
          "tn": 17596,
          "fp": 969,
          "fn": 1679
        }
      ],
      "mean_std": {
        "accuracy": 0.9293058746360353,
        "accuracy_std": 0.001087909316541864,
        "precision": 0.9466938878196484,
        "precision_std": 0.0008671995420207516,
        "recall": 0.9098459549714532,
        "recall_std": 0.0026497426321971922,
        "specificity": 0.9487660002694109,
        "specificity_std": 0.0009673153999615504,
        "fnr": 0.09015404502854682,
        "fnr_std": 0.0026497426321971922,
        "fpr": 0.05123399973058895,
        "fpr_std": 0.0009673153999615504,
        "f1": 0.9279014400217234,
        "f1_std": 0.0012147710478042232,
        "auroc": 0.9754058250559785,
        "auroc_std": 0.00039149671456460494,
        "auprc": 0.9761624970955569,
        "auprc_std": 0.0005357585264475408,
        "ece": 0.017391021559387668,
        "ece_std": 0.0008264007389077666
      }
    },
    "LR_TF-IDF": {
      "fold_metrics": [
        {
          "accuracy": 0.9376279220079715,
          "precision": 0.9458895840193173,
          "recall": 0.9283636755359259,
          "specificity": 0.9468921684800172,
          "fnr": 0.07163632446407409,
          "fpr": 0.05310783151998277,
          "f1": 0.9370446884853757,
          "auroc": 0.9825032716620886,
          "auprc": 0.9820687371486789,
          "ece": 0.02331780068111006,
          "tp": 17236,
          "tn": 17580,
          "fp": 986,
          "fn": 1330
        },
        {
          "accuracy": 0.9354465151351934,
          "precision": 0.9457462645420963,
          "recall": 0.9238931379941829,
          "specificity": 0.9469998922762038,
          "fnr": 0.07610686200581707,
          "fpr": 0.05300010772379615,
          "f1": 0.9346919870310328,
          "auroc": 0.9812305384510651,
          "auprc": 0.9801711077124469,
          "ece": 0.02274312535614929,
          "tp": 17153,
          "tn": 17582,
          "fp": 984,
          "fn": 1413
        },
        {
          "accuracy": 0.9348001723580739,
          "precision": 0.943276041952666,
          "recall": 0.9252396854465151,
          "specificity": 0.9443606592696326,
          "fnr": 0.07476031455348486,
          "fpr": 0.05563934073036736,
          "f1": 0.9341708132800391,
          "auroc": 0.980557224109442,
          "auprc": 0.9799116944843904,
          "ece": 0.020675509975419407,
          "tp": 17178,
          "tn": 17533,
          "fp": 1033,
          "fn": 1388
        },
        {
          "accuracy": 0.9370893030270386,
          "precision": 0.9451453647833242,
          "recall": 0.9280405041473662,
          "specificity": 0.9461381019067112,
          "fnr": 0.07195949585263384,
          "fpr": 0.053861898093288785,
          "f1": 0.9365148385694098,
          "auroc": 0.981964929736594,
          "auprc": 0.9807861342973632,
          "ece": 0.02352750923279712,
          "tp": 17230,
          "tn": 17566,
          "fp": 1000,
          "fn": 1336
        },
        {
          "accuracy": 0.9352831865557082,
          "precision": 0.9436240873908986,
          "recall": 0.9258860282236346,
          "specificity": 0.9446808510638298,
          "fnr": 0.07411397177636536,
          "fpr": 0.05531914893617018,
          "f1": 0.9346709077563005,
          "auroc": 0.9811591153001183,
          "auprc": 0.9800429290749023,
          "ece": 0.02263497271419612,
          "tp": 17190,
          "tn": 17538,
          "fp": 1027,
          "fn": 1376
        }
      ],
      "mean_std": {
        "accuracy": 0.936049419816797,
        "accuracy_std": 0.001103109508354423,
        "precision": 0.9447362685376604,
        "precision_std": 0.0010850619199067834,
        "recall": 0.9262846062695249,
        "recall_std": 0.0016956149839449334,
        "specificity": 0.945814334599279,
        "specificity_std": 0.001101821676887998,
        "fnr": 0.07371539373047505,
        "fnr_std": 0.0016956149839449334,
        "fpr": 0.05418566540072105,
        "fpr_std": 0.0011018216768879981,
        "f1": 0.9354186470244314,
        "f1_std": 0.0011392878959022496,
        "auroc": 0.9814830158518617,
        "auroc_std": 0.0006780722183167038,
        "auprc": 0.9805961205435564,
        "auprc_std": 0.000794959197743283,
        "ece": 0.0225797835919344,
        "ece_std": 0.0010098353818293268
      }
    }
  }
}