{
  "config": {
    "r": 64,
    "alpha": 32,
    "base_model": "distilroberta-base",
    "target_modules": [
      "query",
      "value"
    ],
    "lora_dropout": 0.1
  },
  "trainable_params": 1771778,
  "total_params": 83891716,
  "trainable_pct": 2.1119820698386955,
  "sweep_train_size": 37131,
  "test_size": 46415,
  "metrics": {
    "accuracy": 0.9602068296886782,
    "precision": 0.9585265327150954,
    "recall": 0.9620373163269703,
    "specificity": 0.9583764219234746,
    "fnr": 0.037962683673029685,
    "fpr": 0.04162357807652539,
    "f1": 0.9602787156713047,
    "auroc": 0.9926915256360606,
    "auprc": 0.9929978608072001,
    "ece": 0.006313306933120867,
    "tp": 22326,
    "tn": 22242,
    "fp": 966,
    "fn": 881
  }
}