{
  "model_type": "lr",
  "model_dir": "./Models",
  "ratios": [
    1,
    5,
    10,
    20
  ],
  "n_test_full": 46415,
  "results": {
    "1": {
      "accuracy": 0.9387482494883119,
      "precision": 0.9469710272168569,
      "recall": 0.9295471194036282,
      "specificity": 0.9479489831092727,
      "fnr": 0.07045288059637178,
      "fpr": 0.05205101689072733,
      "f1": 0.9381781807902233,
      "auroc": 0.982645108082382,
      "auprc": 0.9820961895993852,
      "ece": 0.023423846656724968,
      "tp": 21572,
      "tn": 22000,
      "fp": 1208,
      "fn": 1635
    },
    "5": {
      "accuracy": 0.9449531401486588,
      "precision": 0.781317885590152,
      "recall": 0.9299719887955182,
      "specificity": 0.9479489831092727,
      "fnr": 0.07002801120448177,
      "fpr": 0.05205101689072733,
      "f1": 0.8491883915395967,
      "auroc": 0.983003491614873,
      "auprc": 0.9321777938204115,
      "ece": 0.07279011533249734,
      "tp": 4316,
      "tn": 22000,
      "fp": 1208,
      "fn": 325
    },
    "10": {
      "accuracy": 0.9466076465057975,
      "precision": 0.6418618440557368,
      "recall": 0.9331896551724138,
      "specificity": 0.9479489831092727,
      "fnr": 0.06681034482758619,
      "fpr": 0.05205101689072733,
      "f1": 0.7605831723168803,
      "auroc": 0.9844355840435522,
      "auprc": 0.8908605501427351,
      "ece": 0.08949142453383548,
      "tp": 2165,
      "tn": 22000,
      "fp": 1208,
      "fn": 155
    },
    "20": {
      "accuracy": 0.9475952068286277,
      "precision": 0.4745541539799913,
      "recall": 0.9405172413793104,
      "specificity": 0.9479489831092727,
      "fnr": 0.059482758620689635,
      "fpr": 0.05205101689072733,
      "f1": 0.6308181555362822,
      "auroc": 0.9854455285929942,
      "auprc": 0.828610345243757,
      "ece": 0.09885927681617053,
      "tp": 1091,
      "tn": 22000,
      "fp": 1208,
      "fn": 69
    }
  }
}