{
  "config": {
    "r": 64,
    "alpha": 256,
    "base_model": "distilroberta-base",
    "target_modules": [
      "query",
      "value"
    ],
    "lora_dropout": 0.1
  },
  "trainable_params": 1771778,
  "total_params": 83891716,
  "trainable_pct": 2.1119820698386955,
  "sweep_train_size": 37131,
  "test_size": 46415,
  "metrics": {
    "accuracy": 0.9609178067435097,
    "precision": 0.9556937758275466,
    "recall": 0.9666479941396993,
    "specificity": 0.9551878662530162,
    "fnr": 0.03335200586030074,
    "fpr": 0.044812133746983784,
    "f1": 0.9611396743787489,
    "auroc": 0.9929153414051944,
    "auprc": 0.9931961071442762,
    "ece": 0.011653666351636715,
    "tp": 22433,
    "tn": 22168,
    "fp": 1040,
    "fn": 774
  }
}