{
  "config": {
    "r": 4,
    "alpha": 8,
    "base_model": "distilroberta-base",
    "target_modules": [
      "query",
      "value"
    ],
    "lora_dropout": 0.1
  },
  "trainable_params": 665858,
  "total_params": 82785796,
  "trainable_pct": 0.804314305318753,
  "sweep_train_size": 37131,
  "test_size": 46415,
  "metrics": {
    "accuracy": 0.9582031670796078,
    "precision": 0.9545201966232101,
    "recall": 0.96225276856121,
    "specificity": 0.9541537400896243,
    "fnr": 0.03774723143879,
    "fpr": 0.04584625991037572,
    "f1": 0.9583708853697266,
    "auroc": 0.9923030496985251,
    "auprc": 0.992652999807508,
    "ece": 0.0067317118846445005,
    "tp": 22331,
    "tn": 22144,
    "fp": 1064,
    "fn": 876
  }
}