{
  "LR_BoW": {
    "accuracy": 0.9310136809221157,
    "precision": 0.9486834432333019,
    "recall": 0.9113198603869522,
    "specificity": 0.9507066528783178,
    "fnr": 0.08868013961304777,
    "fpr": 0.04929334712168221,
    "f1": 0.9296263736263737,
    "auroc": 0.9768833538707364,
    "auprc": 0.9778828055594654,
    "ece": 0.018099509547935613,
    "tp": 21149,
    "tn": 22064,
    "fp": 1144,
    "fn": 2058
  },
  "LR_TF-IDF": {
    "accuracy": 0.9387482494883119,
    "precision": 0.9469710272168569,
    "recall": 0.9295471194036282,
    "specificity": 0.9479489831092727,
    "fnr": 0.07045288059637178,
    "fpr": 0.05205101689072733,
    "f1": 0.9381781807902233,
    "auroc": 0.982645108082382,
    "auprc": 0.9820961895993852,
    "ece": 0.023423846656724975,
    "tp": 21572,
    "tn": 22000,
    "fp": 1208,
    "fn": 1635
  },
  "RNN": {
    "accuracy": 0.7067111925024238,
    "precision": 0.6757014138158377,
    "recall": 0.794932563450683,
    "specificity": 0.6184936228886591,
    "fnr": 0.20506743654931703,
    "fpr": 0.38150637711134094,
    "f1": 0.730483676176523,
    "auroc": 0.7885335847477465,
    "auprc": 0.7814869675965971,
    "ece": 0.06214871116943249,
    "tp": 18448,
    "tn": 14354,
    "fp": 8854,
    "fn": 4759
  },
  "LSTM": {
    "accuracy": 0.9376710115264462,
    "precision": 0.9297258419360298,
    "recall": 0.9469125694833456,
    "specificity": 0.92842985177525,
    "fnr": 0.05308743051665443,
    "fpr": 0.07157014822475005,
    "f1": 0.938240505518434,
    "auroc": 0.9823775854398078,
    "auprc": 0.9806042443084919,
    "ece": 0.022358927688286304,
    "tp": 21975,
    "tn": 21547,
    "fp": 1661,
    "fn": 1232
  },
  "BiLSTM": {
    "accuracy": 0.9360336098244102,
    "precision": 0.9258121528362229,
    "recall": 0.9480329211013918,
    "specificity": 0.9240348155808342,
    "fnr": 0.05196707889860819,
    "fpr": 0.07596518441916578,
    "f1": 0.9367907858040068,
    "auroc": 0.9819933223695552,
    "auprc": 0.9800805490901332,
    "ece": 0.017298922049420674,
    "tp": 22001,
    "tn": 21445,
    "fp": 1763,
    "fn": 1206
  },
  "AttBiLSTM": {
    "accuracy": 0.9309275018851665,
    "precision": 0.946510693396437,
    "recall": 0.9134743827293489,
    "specificity": 0.9483798690106859,
    "fnr": 0.08652561727065111,
    "fpr": 0.05162013098931406,
    "f1": 0.9296991491974388,
    "auroc": 0.9806348407028173,
    "auprc": 0.9789056520152095,
    "ece": 0.018661353218393326,
    "tp": 21199,
    "tn": 22010,
    "fp": 1198,
    "fn": 2008
  },
  "DistilRoBERTa_LoRA": {
    "accuracy": 0.9595389421523215,
    "precision": 0.9542917997870074,
    "recall": 0.9653121902874133,
    "specificity": 0.9537659427783522,
    "fnr": 0.03468780971258667,
    "fpr": 0.04623405722164775,
    "f1": 0.9597703611670451,
    "auroc": 0.992651126485434,
    "auprc": 0.9930269892873709,
    "ece": 0.008198849878565352,
    "tp": 22402,
    "tn": 22135,
    "fp": 1073,
    "fn": 805
  }
}