{
  "model": "Attention BiLSTM",
  "n_test": 46415,
  "metrics": {
    "accuracy": 0.9309275018851665,
    "precision": 0.946510693396437,
    "recall": 0.9134743827293489,
    "specificity": 0.9483798690106859,
    "fnr": 0.08652561727065111,
    "fpr": 0.05162013098931406,
    "f1": 0.9296991491974388,
    "auroc": 0.9806348407028173,
    "auprc": 0.9789056520152095,
    "ece": 0.018661353218393326,
    "tp": 21199,
    "tn": 22010,
    "fp": 1198,
    "fn": 2008
  }
}