{
  "config": {
    "r": 64,
    "alpha": 128,
    "base_model": "distilroberta-base",
    "target_modules": [
      "query",
      "value"
    ],
    "lora_dropout": 0.1
  },
  "trainable_params": 1771778,
  "total_params": 83891716,
  "trainable_pct": 2.1119820698386955,
  "sweep_train_size": 37131,
  "test_size": 46415,
  "metrics": {
    "accuracy": 0.9605946353549499,
    "precision": 0.9595442820292347,
    "recall": 0.9617356831990348,
    "specificity": 0.9594536366770079,
    "fnr": 0.038264316800965203,
    "fpr": 0.04054636332299211,
    "f1": 0.9606387328641832,
    "auroc": 0.9928061317794986,
    "auprc": 0.9931002741901737,
    "ece": 0.0076317413631836785,
    "tp": 22319,
    "tn": 22267,
    "fp": 941,
    "fn": 888
  }
}