{
  "model": "LR (TF-IDF)",
  "n_test": 46415,
  "metrics": {
    "accuracy": 0.9387482494883119,
    "precision": 0.9469710272168569,
    "recall": 0.9295471194036282,
    "specificity": 0.9479489831092727,
    "fnr": 0.07045288059637178,
    "fpr": 0.05205101689072733,
    "f1": 0.9381781807902233,
    "auroc": 0.982645108082382,
    "auprc": 0.9820961895993852,
    "ece": 0.023423846656724975,
    "tp": 21572,
    "tn": 22000,
    "fp": 1208,
    "fn": 1635
  }
}