{
  "config": {
    "r": 16,
    "alpha": 16,
    "base_model": "distilroberta-base",
    "target_modules": [
      "query",
      "value"
    ],
    "lora_dropout": 0.1
  },
  "trainable_params": 887042,
  "total_params": 83006980,
  "trainable_pct": 1.068635432827456,
  "sweep_train_size": 37131,
  "test_size": 46415,
  "metrics": {
    "accuracy": 0.9597328449854573,
    "precision": 0.9558232931726908,
    "recall": 0.9640194768819753,
    "specificity": 0.9554463977938642,
    "fnr": 0.03598052311802469,
    "fpr": 0.0445536022061358,
    "f1": 0.9599038894728938,
    "auroc": 0.9927449570103352,
    "auprc": 0.9931060836781017,
    "ece": 0.007813065879326841,
    "tp": 22372,
    "tn": 22174,
    "fp": 1034,
    "fn": 835
  }
}