{
  "model": "LSTM",
  "n_test": 46415,
  "metrics": {
    "accuracy": 0.9376710115264462,
    "precision": 0.9297258419360298,
    "recall": 0.9469125694833456,
    "specificity": 0.92842985177525,
    "fnr": 0.05308743051665443,
    "fpr": 0.07157014822475005,
    "f1": 0.938240505518434,
    "auroc": 0.9823775854398078,
    "auprc": 0.9806042443084919,
    "ece": 0.022358927688286304,
    "tp": 21975,
    "tn": 21547,
    "fp": 1661,
    "fn": 1232
  }
}