{
  "r2_a1": {
    "r": 2,
    "alpha": 1,
    "trainable_params": 628994,
    "total_params": 82748932,
    "trainable_pct": 0.7601234055806303,
    "metrics": {
      "accuracy": 0.952881611547991,
      "precision": 0.9508794508794509,
      "recall": 0.9550997543844529,
      "specificity": 0.9506635642881764,
      "fnr": 0.04490024561554706,
      "fpr": 0.049336435711823556,
      "f1": 0.9529849302405572,
      "auroc": 0.9903641012046506,
      "auprc": 0.9907603119256998,
      "ece": 0.00532551518798842,
      "tp": 22165,
      "tn": 22063,
      "fp": 1145,
      "fn": 1042
    }
  },
  "r2_a2": {
    "r": 2,
    "alpha": 2,
    "trainable_params": 628994,
    "total_params": 82748932,
    "trainable_pct": 0.7601234055806303,
    "metrics": {
      "accuracy": 0.955337714101045,
      "precision": 0.9546901893287435,
      "recall": 0.9560477442151075,
      "specificity": 0.9546277145811789,
      "fnr": 0.04395225578489248,
      "fpr": 0.0453722854188211,
      "f1": 0.9553684845092256,
      "auroc": 0.9911260026159956,
      "auprc": 0.991466372422471,
      "ece": 0.003861917218290575,
      "tp": 22187,
      "tn": 22155,
      "fp": 1053,
      "fn": 1020
    }
  },
  "r2_a4": {
    "r": 2,
    "alpha": 4,
    "trainable_params": 628994,
    "total_params": 82748932,
    "trainable_pct": 0.7601234055806303,
    "metrics": {
      "accuracy": 0.9574275557470645,
      "precision": 0.9552296410652258,
      "recall": 0.9598397035377257,
      "specificity": 0.9550155118924509,
      "fnr": 0.04016029646227426,
      "fpr": 0.04498448810754907,
      "f1": 0.9575291235008382,
      "auroc": 0.9917081915385068,
      "auprc": 0.9920437746083752,
      "ece": 0.005196088158840128,
      "tp": 22275,
      "tn": 22164,
      "fp": 1044,
      "fn": 932
    }
  },
  "r2_a8": {
    "r": 2,
    "alpha": 8,
    "trainable_params": 628994,
    "total_params": 82748932,
    "trainable_pct": 0.7601234055806303,
    "metrics": {
      "accuracy": 0.9584617041904556,
      "precision": 0.9547377868957558,
      "recall": 0.9625544016891455,
      "specificity": 0.9543691830403309,
      "fnr": 0.03744559831085448,
      "fpr": 0.045630816959669085,
      "f1": 0.9586301605012445,
      "auroc": 0.9921086729409387,
      "auprc": 0.9924417599450048,
      "ece": 0.007289702697083572,
      "tp": 22338,
      "tn": 22149,
      "fp": 1059,
      "fn": 869
    }
  },
  "r4_a2": {
    "r": 4,
    "alpha": 2,
    "trainable_params": 665858,
    "total_params": 82785796,
    "trainable_pct": 0.804314305318753,
    "metrics": {
      "accuracy": 0.955962512118927,
      "precision": 0.9554905083724334,
      "recall": 0.9564786486835869,
      "specificity": 0.9554463977938642,
      "fnr": 0.043521351316413104,
      "fpr": 0.0445536022061358,
      "f1": 0.9559843231835996,
      "auroc": 0.9912895868229205,
      "auprc": 0.9916477573673114,
      "ece": 0.004030242319280062,
      "tp": 22197,
      "tn": 22174,
      "fp": 1034,
      "fn": 1010
    }
  },
  "r4_a4": {
    "r": 4,
    "alpha": 4,
    "trainable_params": 665858,
    "total_params": 82785796,
    "trainable_pct": 0.804314305318753,
    "metrics": {
      "accuracy": 0.9573629214693525,
      "precision": 0.9554192053548443,
      "recall": 0.9594949799629422,
      "specificity": 0.9552309548431576,
      "fnr": 0.040505020037057804,
      "fpr": 0.044769045156842435,
      "f1": 0.9574527551437233,
      "auroc": 0.9918387551468464,
      "auprc": 0.9921832196560193,
      "ece": 0.004716725654595435,
      "tp": 22267,
      "tn": 22169,
      "fp": 1039,
      "fn": 940
    }
  },
  "r4_a8": {
    "r": 4,
    "alpha": 8,
    "trainable_params": 665858,
    "total_params": 82785796,
    "trainable_pct": 0.804314305318753,
    "metrics": {
      "accuracy": 0.9582031670796078,
      "precision": 0.9545201966232101,
      "recall": 0.96225276856121,
      "specificity": 0.9541537400896243,
      "fnr": 0.03774723143879,
      "fpr": 0.04584625991037572,
      "f1": 0.9583708853697266,
      "auroc": 0.9923030496985251,
      "auprc": 0.992652999807508,
      "ece": 0.0067317118846445005,
      "tp": 22331,
      "tn": 22144,
      "fp": 1064,
      "fn": 876
    }
  },
  "r4_a16": {
    "r": 4,
    "alpha": 16,
    "trainable_params": 665858,
    "total_params": 82785796,
    "trainable_pct": 0.804314305318753,
    "metrics": {
      "accuracy": 0.9582893461165571,
      "precision": 0.9560873107766199,
      "recall": 0.9607015124746844,
      "specificity": 0.9558772836952775,
      "fnr": 0.03929848752531562,
      "fpr": 0.04412271630472253,
      "f1": 0.9583888578429265,
      "auroc": 0.9921725306511436,
      "auprc": 0.9925334254551781,
      "ece": 0.007685283690395438,
      "tp": 22295,
      "tn": 22184,
      "fp": 1024,
      "fn": 912
    }
  },
  "r8_a4": {
    "r": 8,
    "alpha": 4,
    "trainable_params": 739586,
    "total_params": 82859524,
    "trainable_pct": 0.8925781422543533,
    "metrics": {
      "accuracy": 0.9573413767101152,
      "precision": 0.9556519125917657,
      "recall": 0.9591933468350067,
      "specificity": 0.9554894863840055,
      "fnr": 0.04080665316499332,
      "fpr": 0.04451051361599445,
      "f1": 0.9574193548387097,
      "auroc": 0.9918878715349753,
      "auprc": 0.9922474145642831,
      "ece": 0.0050757528454399405,
      "tp": 22260,
      "tn": 22175,
      "fp": 1033,
      "fn": 947
    }
  },
  "r8_a8": {
    "r": 8,
    "alpha": 8,
    "trainable_params": 739586,
    "total_params": 82859524,
    "trainable_pct": 0.8925781422543533,
    "metrics": {
      "accuracy": 0.9590649574491005,
      "precision": 0.9556477481715924,
      "recall": 0.9628129443702331,
      "specificity": 0.9553171320234402,
      "fnr": 0.037187055629766874,
      "fpr": 0.04468286797655985,
      "f1": 0.9592169657422512,
      "auroc": 0.9923211832235657,
      "auprc": 0.9926875547063794,
      "ece": 0.00653196046742191,
      "tp": 22344,
      "tn": 22171,
      "fp": 1037,
      "fn": 863
    }
  },
  "r8_a16": {
    "r": 8,
    "alpha": 16,
    "trainable_params": 739586,
    "total_params": 82859524,
    "trainable_pct": 0.8925781422543533,
    "metrics": {
      "accuracy": 0.9595389421523215,
      "precision": 0.9542917997870074,
      "recall": 0.9653121902874133,
      "specificity": 0.9537659427783522,
      "fnr": 0.03468780971258667,
      "fpr": 0.04623405722164775,
      "f1": 0.9597703611670451,
      "auroc": 0.992651126485434,
      "auprc": 0.9930269892873709,
      "ece": 0.008198849878565352,
      "tp": 22402,
      "tn": 22135,
      "fp": 1073,
      "fn": 805
    }
  },
  "r8_a32": {
    "r": 8,
    "alpha": 32,
    "trainable_params": 739586,
    "total_params": 82859524,
    "trainable_pct": 0.8925781422543533,
    "metrics": {
      "accuracy": 0.9586771517828289,
      "precision": 0.955886761745685,
      "recall": 0.9617356831990348,
      "specificity": 0.9556187521544295,
      "fnr": 0.038264316800965203,
      "fpr": 0.044381247845570515,
      "f1": 0.9588023026033164,
      "auroc": 0.9922697171732303,
      "auprc": 0.9926128408013662,
      "ece": 0.00887591798148706,
      "tp": 22319,
      "tn": 22178,
      "fp": 1030,
      "fn": 888
    }
  },
  "r16_a8": {
    "r": 16,
    "alpha": 8,
    "trainable_params": 887042,
    "total_params": 83006980,
    "trainable_pct": 1.068635432827456,
    "metrics": {
      "accuracy": 0.9594958526338468,
      "precision": 0.9565831727681439,
      "recall": 0.9626836730296893,
      "specificity": 0.9563081695966908,
      "fnr": 0.03731632697031073,
      "fpr": 0.04369183040330915,
      "f1": 0.9596237275031141,
      "auroc": 0.9924261586298527,
      "auprc": 0.9927845307512944,
      "ece": 0.00598116475515176,
      "tp": 22341,
      "tn": 22194,
      "fp": 1014,
      "fn": 866
    }
  },
  "r16_a16": {
    "r": 16,
    "alpha": 16,
    "trainable_params": 887042,
    "total_params": 83006980,
    "trainable_pct": 1.068635432827456,