{
  "config": {
    "r": 32,
    "alpha": 16,
    "base_model": "distilroberta-base",
    "target_modules": [
      "query",
      "value"
    ],
    "lora_dropout": 0.1
  },
  "trainable_params": 1181954,
  "total_params": 83301892,
  "trainable_pct": 1.4188801378004716,
  "sweep_train_size": 37131,
  "test_size": 46415,
  "metrics": {
    "accuracy": 0.9597328449854573,
    "precision": 0.9566817909425563,
    "recall": 0.9630714870513207,
    "specificity": 0.9563943467769734,
    "fnr": 0.03692851294867927,
    "fpr": 0.043605653223026564,
    "f1": 0.959866005282484,
    "auroc": 0.9926224422251205,
    "auprc": 0.9929792751098264,
    "ece": 0.006482656978084115,
    "tp": 22350,
    "tn": 22196,
    "fp": 1012,
    "fn": 857
  }
}