{
  "model": "BiLSTM",
  "n_test": 46415,
  "metrics": {
    "accuracy": 0.9360336098244102,
    "precision": 0.9258121528362229,
    "recall": 0.9480329211013918,
    "specificity": 0.9240348155808342,
    "fnr": 0.05196707889860819,
    "fpr": 0.07596518441916578,
    "f1": 0.9367907858040068,
    "auroc": 0.9819933223695552,
    "auprc": 0.9800805490901332,
    "ece": 0.017298922049420674,
    "tp": 22001,
    "tn": 21445,
    "fp": 1763,
    "fn": 1206
  }
}