{
  "model": "Simple RNN",
  "n_test": 46415,
  "metrics": {
    "accuracy": 0.7067111925024238,
    "precision": 0.6757014138158377,
    "recall": 0.794932563450683,
    "specificity": 0.6184936228886591,
    "fnr": 0.20506743654931703,
    "fpr": 0.38150637711134094,
    "f1": 0.730483676176523,
    "auroc": 0.7885335847477465,
    "auprc": 0.7814869675965971,
    "ece": 0.06214871116943249,
    "tp": 18448,
    "tn": 14354,
    "fp": 8854,
    "fn": 4759
  }
}